",,,,,,,,,,,"
"Movies,,,,,,,,,,,"
",,,,,,,,,,,"
",,,,,,,,,,,"
",,,,,,,,,,,"
"Movie #,Title,Year,Genre,Director,Main Cast,DVD Type, Series?,Special Edition?,Rating,,"
",,,,,,,,,,,"
"1,50 First Dates,2004,Comedy/Romance,Peter Segal,Adam Sandler & Drew Barrymore,DVD,,,,,"
"2,A Charlie Brown Christmas,1965,Holiday/Short,Bill Melendez,,Blu-ray,,,,,"
"3,Alice in Wonderland,2010,Adventure/Fantasy,Tim Burton,Johnny Depp,Blu-ray,,,,,"
"4,Alita: Battle Angel,2019,Adventure/Fantasy,Robert Rodriguez,""Salazar, Rosa; Waltz, Christoph; Johnson, Keean"",Library DVD,,,,,"
"5,""Amazing Spider-Man, the"",2012,Action/Adventure,Marc Webb,Andrew Garfield & Emma Stone,DVD,,,,,"
"6,American Psycho,2000,Thriller,Mary Harron,Christian Bale,DVD,,,,,"
"8,Argo,2013,Drama/Thriller,Ben Affleck,""Ben Affleck, Bryan Cranston, Alan Arkin, & John Goodman"",Blu-ray,,,,,"
"9,Arrival,2016,Sci-Fi,Denis Villeneuve,""Amy Adams, Jeremy Renner, & Forest Whitaker"",Blu-ray,,,,,"
"10,Austin Powers: The Spy Who Shagged Me,1999,Comedy,Jay Roach,Mike Myers & Heather Graham,DVD,,,,,"
"11,Avatar,2009,Action/Sci-Fi,James Cameron,""Sam Worthington, Zoe Saldana, & Sigourney Weaver "",DVD,,P,,,"
"12,Barbie as the Island Princess,2007,Family,Greg Richardson,,DVD,,,,,"
"13,Beastly,2011,Fantasy/Romance,Daniel  Barnz,Alex Pettyfer & Vanessa Hudgens,DVD,,,,,"
"14,Beasts of the Southern wild,2012,Drama/Fantasy,Benh Zeitlin,,Library DVD,,,,,"
"15,Beauty and the Beast,1991,Family/Fantasy,Bill Condon,,DVD,,P,,,"
"16,Before Midnight,2013,Drama/Romance,Richard Linklater,Ethan Hawke & Julie Delpy,Blu-ray,P,P,,,"
"17,Before Sunrise,1995,Drama/Romance,Richard Linklater,Ethan Hawke & Julie Delpy,Blu-ray,P,P,,,"
"18,Before Sunset,2004,Drama/Romance,Richard Linklater,Ethan Hawke & Julie Delpy,Blu-ray,P,P,,,"
"19,""Big Lebowski, the"",1998,Comedy/Crime,Ethan & Joel Coen, Jeff Bridges & John Goodman,DVD,,P,,,"
"20,BlacKkKlansman,2018,Crime/Drama,Spike Lee,John David Washington & Adam Driver,DVD,,,,,"
"21,Blade Runner 2049,2017,Action/Sci-Fi,Denis Villeneuve,Ryan Gosling & Harrison Ford,DVD,,,,,"
"22,Boogie Nights,1997,Drama,Paul Thomas Anderson,Burt Reynolds & Mark Wahlberg,Library DVD,,,,,"
"23,Bottle Rocket,1996,Comedy/Crime,Wes Anderson,Luke Wilson & Owen Wilson,Blu-ray,,P,,,"
"24,""Breakfast Club, the"",1985,Drama,John Hughes,""Molly Ringwald, Emilio Estevez, Judd Nelson, Anthony Michael Hall, and Ally Sheedy"",Blu-ray,,P,,,"
"25,Brother Bear,2003,Adventure/Family,Aaron Blaise & Robert Walker,,DVD,,P,,,"
"26,Call Me by Your Name,2017,Drama/Romance,Luca Guadagnino,""Armie Hammer, Timothée Chalamet, & Michael Stuhlbarg"",Blu-ray,,,,,"
"27,Cars,2006,Comedy/Family,John Lasseter,Owen Wilson,DVD,,,,,"
"28,Catch Me If You Can,2002,Crime/Drama,Steven Spielberg,Leonardo DiCaprio & Tom Hanks,DVD,,,,,"
"29,Children of Men,2006,Action/Sci-Fi,Alfonso Cuarón,""Clive Owen, Julianne Moore, & Michael Caine"",DVD,,,,,"
"30,Clash of the Titans,2010,Action/Fantasy,Louis Leterrier,""Sam Worthington, Ralph Fiennes, & Liam Neeson"",Library DVD,,,,,"
"31,Coraline,2009,Family/Fantasy,Henry Selick,,Blu-ray,,,,,"
"32,""Da Vinci Code, the"",2006,Mystery/Thriller,Ron Howard,""Hanks, Tom; Tautou, Audrey; Bettany, Paul"",DVD,,P,,,"
"33,Batman Begins,2005,Action/Adventure,Christopher Nolan,""Christian Bale, Michael Caine, Liam Neeson, Katie Holmes, Gary Oldman, & Morgan Freeman"",Blu-ray,P,P,,,"
"34,The Dark Knight,2008,Action/Adventure,Christopher Nolan,""Christian Bale, Michael Caine, Heath Ledger, Gary Oldman, Aaron Eckhart, Maggie Gyllenhaal, & Morgan Freeman"",Blu-ray/DVD,P,P,,,"
"35,The Dark Knight Rises,,,,""Christian Bale, Michael Caine, Gary Oldman, Anne Hathaway, Tom Hardy, Marion Cotillard, Joseph Gordon-Levitt, & Morgan Freeman"",Blu-ray,P,P,,,"
"36,Dark Passage,1947,Mystery/Noir,Delmer Daves,Humphrey Bogart & Lauren Bacall,Library DVD,,,,,"
"37,Deadpool,2016,Action/Comedy,Tim Miller,Ryan Reynolds,Library DVD,,,,,"
"38,Despicable Me 2 + 3 Mini-Movie Collection,2016,Comedy/Family,Chris Renaud & Pierre Coffin,Steve Carell,Blu-ray,,,,,"
"39,Divergent: Insurgent,2015,Action/Sci-Fi,Robert Schwentke,""Shailene Woodley, Theo James, & Kate Winslet"",DVD,P,,,,"
"40,Elysium,2013,Action/Sci-Fi,Neill Blomkamp,Matt Damon,Library DVD,,,,,"
"41,Enemy,2013,Mystery/Thriller,Denis Villeneuve,Jake Gyllenhaal,Library DVD,,,,,"
"42,Eternal Sunsine of the Spotless Mind,2004,Romance/Sci-Fi,Michael Gondry,""Jim Carrey, Kate Winslet, Kirsten Dunst, Mark Ruffalo, & Elijah Wood"",DVD,,,,,"
"43,Eternals,2021,Action/Fantasy,Chloé Zhao,,Library DVD,,,,,"
"44,Evan Almighty,2007,Comedy/Family,Tom Shadya,Steve Carell & Morgan Freeman,Library DVD,,,,,"
"45,Fantasia 2000,1999,Fantasy,""James Alger, et al."",,DVD,,,,,"
"46,Fantastic Beasts and Where to Find Them,2016,Adventure/Fantasy,David Yeats,""Eddie Redmayne, Katherine Waterston,, Dan Fogler, & Alison Sudol"",Blu-ray,,,,,"
"47,Fantastic Four,2005,Action/Fantasy,Tim Story,""Ioan Gruffudd, Jessica Alba, Chris Evans, & Michael Chiklis"",Library DVD,P,,,,"
"48,Fantastic Four: Rise of the Silver Surfer,2007,Action/Fantasy,Tim Story,""Ioan Gruffudd, Jessica Alba, Chris Evans, & Michael Chiklis"",Library DVD,P,,,,"
"49,Fantastic Mr. Fox,2009,Adventure/Comedy,Wes Anderson,""George Clooney, Meryl Streep, Jason Schwartzman, Bill Murray, Willem Dafoe, & Owen Wilson"",Blu-ray,,P,,,"
"50,""Farewell, the"",2019,Comedy/Drama,Lulu Wang,Awkwafina,Library DVD,,,,,"
"50,""French Dispatch, the"",2021,Comedy/Drama,Wes Anderson,""Bill Murray, Tilda Swinton, Frances McDormand, Jeffrey Wright, Adrien Brody, Benicio Del Toro, Owen Wilson, Léa Seydoux, Timothée Chalamet, Lyna Khoudri, Stephen Park, & Mathieu Amalric"",Blu-ray,,,,,"
"51,Frozen,2013,Family/Fantasy,Jennifer Lee & Chris Buck,,Blu-ray,,,,,"
"52,Full Metal Jacket,1987,Drama/War,Stanley Kubrick,""Matthew Modine, Adam Baldwin, Vincent D'Onofrio, Dorian Harewood, Arliss Howard, & Lee Ermey"",Library DVD,,,,,"
"53,Glass,2019,Drama/Thriller,M. Night Shyamalan,""James McAvoy, Bruce Willis, & Samuel L. Jackson"",Library DVD,,,,,"
"54,""Grand Budapest Hotel, the"",2014,Comedy/Drama,Wes Anderson,""Ralph Fiennes, F. Murray Abraham, Mathiey Amalric, Adrien Brody, Willem Dafoe, Jeff Goldblum, Harvey Keitel, Jude Law, Bill Murray, Edward Norton, Saoirse Ronan, Jason Schwartzman, Léa Seydoux, Tilda Swinton, Tom Wilkinson, Owen Wilson, & Tony Revolori"",DVD,,,,,"
"55,Hamlet,,Drama/Romance,Kenneth Branaugh,""Kenneth Branaugh, Julie Christie, Billy Crystal, Gerard Depardieu, Charlton Heston, Derek Jacobi, Jack Lemmon, Rufus Sewell, Robin Williams, & Kate Winslet"",Library DVD,,,,,"
"56,Harry Potter and the Sorcerer's Stone,2001,Adventure/Fantasy,Chris Columbus,""Daniel Radcliffe, Rupert Grint, & Emma Watson"",DVD,P,,,,"
"57,Harry Potter and the Chamber of Secrets,,Adventure/Fantasy,Chris Columbus,""Daniel Radcliffe, Rupert Grint, & Emma Watson"",DVD,P,,,,"
"58,Harry Potter and the Prisoner of Azkaban,,Adventure/Fantasy,Alfonso Cuarón,""Daniel Radcliffe, Rupert Grint, & Emma Watson"",DVD,P,,,,"
"59,Harry Potter and the Goblet of Fire,,Adventure/Fantasy,Mike Newell,""Daniel Radcliffe, Rupert Grint, & Emma Watson"",DVD,P,,,,"
"60,Harry Potter and the Order of the Phoenix,,Adventure/Fantasy,David Yates,""Daniel Radcliffe, Rupert Grint, & Emma Watson"",DVD,P,,,,"
"61,Harry Potter and the Half-Blood Prince,,Adventure/Fantasy,David Yates,""Daniel Radcliffe, Rupert Grint, & Emma Watson"",DVD,P,,,,"
"62,Harry Potter and the Deathy Hollows - Part 1,,Adventure/Fantasy,David Yates,""Daniel Radcliffe, Rupert Grint, & Emma Watson"",DVD,P,,,,"
"63,Harry Potter and the Deathy Hollows - Part 2,2011,Adventure/Fantasy,David Yates,""Daniel Radcliffe, Rupert Grint, & Emma Watson"",DVD,P,,,,"
"64,Heat,1995,Action/Crime,Michael Mann,""Pacino, Al; De Niro, Robert"",DVD,P,,,,"
"65,Hellboy,2004,Action/Fantasy,Guillermo del Toro,""Ron Perlman, Selma Blair, & Doug Jones"",Library DVD,P,,,,"
"66,Hellboy II: The Golden Army,2008,Action/Fantasy,Guillermo del Toro,""Ron Perlman, Selma Blair, & Doug Jones"",Library DVD,P,,,,"
"67,""Hobbit, the "",1977,Adventure/Fantasy,Arthur Rankin Jr & Orson Bean,,Library DVD,P,,,,"
"68,""Hobbit: The Battle of the Five Armies, the"",2014,Adventure/Fantasy,Peter Jackson,""Richard Armitage, Martin Freeman, & Ian McKellen"",DVD,,P,,,"
"69,How to Lose a Guy in 10 Days,2002,Comedy/Romance,Donald Petrie,Kate Hudson & Matthew McConaughey,DVD,,,,,"
"70,Howl's Moving Castle,2004,Family/Fantasy,Hayao Miyazaki,""Jean Simmons, Christian Bale, Lauren Bacall, Blythe Danner, Emily Mortimer, Josh Hutcherson, & Billy Crystal"",DVD,,,,,"
"71,Inglorious Basterds,2009,War/Comedy,Quentin Tarantino,Brad Pitt ,DVD,,,,,"
"72,Insomnia,2002,Drama/Thriller,Christopher Nolan,""Al Pacino, Robin Williams, & Hilary Swank"",Library DVD,,,,,"
"73,Interstellar,2014,Adventure/Sci-Fi,Christopher Nolan,""Matthew McConaughey, Anne Hathaway, Jessica Chastain, & Michael Caine"",Blu-ray,,,,,"
"74,Jane Eyre,2011,Drama/Romance,Cary Joji Fukunaga,""Mia Wasikowska, Michael Fassbender, Jamie Bell, & Judi Dench"",DVD,,,,,"
"75,John Wick,2014,Action/Thriller,Chad Stahelski,Keanu Reeves,Blu-ray,P,,,,"
"76,John Wick: Chapter 2,2017,Action/Thriller,Chad Stahelski,Keanu Reeves,Blu-ray,P,,,,"
"77,John Wick: Chapter 3 - Parabellum ,2019,Action/Thriller,Chad Stahelski,Keanu Reeves,DVD,P,,,,"
"78,Jojo Rabbit,2019,Comedy/Drama/War,Taika Waititi,""Roman Griffin Davis, Thomasin McKenzie, Taika Waititi, Rebel Wilson, Stephen Merchant, Alfie Allen, Sam Rockwell, & Scarlett Johansson"",Blu-ray,,,,,"
"79,Joker,2019,Crime/Drama,Todd Phillips,Joaquin Phoenix & Robert De Niro,Blu-ray,,,,,"
"80,Jurassic World,2015,Action/Sci-Fi,Colin Trevorrow,Chris Pratt & Bryce Dallas Howard,DVD,,,,,"
"81,Kingsman: The Secret Service,2014,Action/Comedy,Matthew Vaughn,""Taron Egerton, Colin Firth, Samuel L. Jackson & Michael Caine"",Blu-ray,,,,,"
"82,La La Land,2016,Musical/Romance,Damien Chazelle,Ryan Gosling & Emma Stone,DVD,,,,,"
"83,Last Night in Soho,2016,Drama,Edgar Wright,Thomasin McKenzie & Anya Taylor-Joy,Library DVD,,,,,"
"84,""Life Aquatic with Steve Zissou, the"",2004,Adventure/Comedy,Wes Anderson,""Bill Murray, Owen Wilson, Cate Blanchett, Anjelica Huston, Willem Dafoe, Jeff Goldblum, Michael Gambon, Bud Cort"",DVD,,P,,,"
"85,""Lord of the Rings: The Fellowship of the Ring, the : Extended"",2001,Adventure/Fantasy,Peter Jackson,Elijah Wood & Ian McKellen; et al. ,Blu-ray,P,P,,,"
"86,""Lord of the Rings: The Two Towers, the : Extended"",2002,Adventure/Fantasy,Peter Jackson,Elijah Wood & Ian McKellen; et al. ,Blu-ray,P,P,,,"
"87,""Lord of the Rings: The Return of the King, the : Extended"",2003,Adventure/Fantasy,Peter Jackson,Elijah Wood & Ian McKellen; et al. ,Blu-ray,P,P,,,"
"88,""Lord of the Rings: The Fellowship of the Ring, the"",2001,Adventure/Fantasy,Peter Jackson,Elijah Wood & Ian McKellen; et al. ,Blu-ray,P,,,,"
"89,""Lord of the Rings: The Return of the King, the"",2002,Adventure/Fantasy,Peter Jackson,Elijah Wood & Ian McKellen; et al. ,Blu-ray,P,,,,"
"90,""Lord of the Rings: The Two Towers, the"",2003,Adventure/Fantasy,Peter Jackson,Elijah Wood & Ian McKellen; et al. ,Blu-ray,P,,,,"
"91,Lost in Translation,2003,Drama/Romance,Sofia Coppola,Bill Murray & Scarlett Johansson,DVD,,,,,"
"92,""Man from U.N.C.L.E., the"",2015,Action/Adventure,Guy Ritchie,""Henry Cavill, Armie Hammer, Alicia Vikander, Elizabeth Debicki, & Hugh Grant"",Library DVD,,,,,"
"93,""Matrix, the"",1999,Action/Sci-Fi,Wachowski siblings,Keanu Reeves & Laurence Fishburne,DVD,,,,,"
"94,Memento,2000,Mystery/Thriller,Christopher Nolan,""Guy Pearce, Carrie-Anne Moss, & Joe Pantoliano"",DVD,,,,,"
"95,Memories of Murder,2003,Crime/Thriller,Bong Joon-ho,Song Kang Ho & Kim Sang Kyung,DVD,,P,,,"
"96,Monty Python and the Holy Grail,1975,Comedy/Fantasy,Terry Gillam & Terry Jones,""Graham Chapman, John Cleese, Terry Gillam, Eric Idle, Terry Jones, & Michael Palin"",DVD,,P,,,"
"97,Moonrise Kingdom,2012,Comedy/Romance,Wes Anderson,""Bruce Willis, Edward Norton, Bill Murray, Frances McDormand, Tilda Swinton, Jason Schwartzman, & Bob Balaban"",Blu-ray,,P,,,"
"98,Mother!,2017,Horror/Thriller,Darren Aronofsky,Jennifer Lawrence & Javier Bardem,Library DVD,,,,,"
"99,Mulan: 2-Movie Collection,1998,Family,Tony Bancroft & Barry Cook,,Blu-ray,,,,,"
"100,Murder on the Orient Express,2017,Crime/Mystery,Kenneth Branaugh,""Kenneth Branaugh, Penélope Cruz, Willem Dafoe, Judi Dench, Johnny Depp, Josh Gad, Leslie Odom, Jr., Michelle Pfeiffer, & Daisy Ridley"",Blu-ray,,,,,"
"101,Napoleon Dynamite,2004,Comedy,Jared Hess,John Heder,Blu-ray,,,,,"
"102,Natural Born Killers,1994,Crime/Drama,Oliver Stone,""Woody Harrelson, Juliette Lewis, Robert Downey Jr., & Tommy Lee Jones"",Library DVD,,P,,,"
"103,""Nice Guys, the"",2016,Action/Crime,Shane Black,Russell Crowe & Ryan Gosling,DVD,,,,,"
"104,Okja,2017,Adventure/Drama,Bong Joon-ho,Tilda Swinton,DVD,,,,,"
"105,One Direction: This Is Us,2013,Documentary,Morgan Spurlock,""Niall Horan, Zayn Malik, Liam Payne, Harry Styles, & Louis Tomlinson"",Blu-ray,,P,,,"
"106,""Original Christmas Specials Collection, the"",,,,,DVD,,P,,,"
"107,Overlord,2018,Horror/War,Julius Avery,""Jovan Adepo, Wyatt Russell, Pilou Askæk, John Magro, & Bokeem Woodbine"",Library DVD,,,,,"
"108,Pacific Rim,2013,Action/Sci-Fi,Guillermo del Toro,Charlie Hunnam & Idris Elba,DVD,,,,,"
"109,Parasite,2019,Drama/Thriller,Bong Joon-ho,""Song Kang Ho, Lee Sun Kyun, Choyeo Jeong, Choi Woo Shik, Park So Dam, Lee Jung Eun, & Chang Hyae Jin"",Blu-ray,,P,,,"
"110,Pirates of the Caribbean: Dead Man's Chest,2006,Action/Adventure,Gore Verbinski,""Johnny Depp, Orlando Bloom, & Keira Knightley"",DVD,P,,,,"
"111,Pirates of the Caribbean: On Stranger Tides,2011,Action/Adventure,Rob Marshall,""Johnny Depp, Penélope Cruz, Ian McShane, & Geoffrey Rush"",DVD,P,,,,"
"112,Portrait of a Lady on Fire,2019,Drama/Romance,Céline Sciamma,Noémie Merlant & Adèle Haenel,Blu-ray,,P,,,"
"113,""Prestige, the"",2006,Drama,Christopher Nolan,""Hugh Jackman, Christian Bale, Michael Caine, Scarlett Johansson, & David Bowie"",DVD,,,,,"
"114,Pride & Prejudice,2005,Drama/Romance,Joe Wright,Keira Knightley & Matthew Macfadyen,DVD,,,,,"
"115,Prince of Persia: The Sands of Time,2010,Action/Adventure,Mike Newell,Jake Gyllenhaal,Library DVD,,,,,"
"116,""Princess Bride, the"",1987,Adventure/Romance,Rob Reiner,Cary Elwes & Robin Wright,DVD,,P,,,"
"117,Pulp Fiction,1994,Crime/Drama,Quentin Tarantino,""John Travolta, Samuel L. Jackson, Uma Thurman, Harvey Keitel, Tim Roth, Amanda Plummer, Maria de Medeiros, Ving Rhames, Eric Stolts, Rosanna Arquette, Christopher Walken, & Bruce Willis"",DVD,,,,,"
"118,Quantum of Solace,2008,Action/Adventure,Marc Forster,Daniel Craig,DVD,,,,,"
"119,Raising Arizona,1987,Comedy/Crime,Ethan Coen,Nicholas Cage & Holly Hunter,,,,,,"
"120,Ratatouille,2007,Comedy/Family,Brad Bird,,DVD,,,,,"
"121,Reign Over Me,2007,Drama,Mike Binder,Adam Sandler & Don Cheadle,Library DVD,,,,,"
"122,Rise of the Guardians,2012,Adventure/Family,Peter Ramsey,,DVD,,,,,"
"123,Rocketman,2019,Drama,Dexter Fletcher,Taron Egerton,Blu-ray,,,,,"
"124,""Royal Tenenbaums, the"",2001,Comedy/Drama,Wes Anderson,""Danny Glover, Gene Hackman, Anjelica Huston, Bill Murray, Gwyneth Paltrow, Ben Stiller, Luke Wilson, & Owen Wilson"",DVD,,P,,,"
"125,Rushmore,1998,Comedy,Wes Anderson,Jason Schwartzman & Bill Murray,Blu-ray,,P,,,"
"126,""Shape of Water, the"",2017,Fantasy/Romance,Guillermo del Toro,Sally Hawkins & Octavia Spencer,Library DVD,,,,,"
"127,Sicario,2015,Action/Thriller,Denis Villeneuve,""Emily Blunt, Benicio Del Toro, & Josh Brolin"",DVD,,,,,"
"128,Silver Linings Playbook,2012,Drama/Romance,David O. Russell,""Bradley Cooper, Jennifer Lawrence, Robert De Nior, Jacki Weaver, & Chris Tucker"",DVD,,,,,"
"129,Snatch,2000,Comedy/Crime,Guy Ritchie,""Benicio Del Toro, Dennis Farina, Vinnie Jones, Brad Pitt, Rade Sherbedgia, & Jason Statham"",DVD,,,,,"
"130,Solo: A Star Wars Story,2018,Action/Sci-Fi,Ron Howard,""Alden Ehrenreich, Woody Harrelson, Emilia Clarke, Donald Glover, Thandie Newton, & Paul Bettany"",Blu-ray,,,,,"
"131,Sorry to Bother You,2018,Comedy/Fantasy,Boots Riley,Lakeith Stanfield,Library DVD,,,,,"
"132,Spider-Man: Far From Home,2019,Action/Adventure,Jon Watts,""Tom Holland, Samuel L. Jackson, & Jake Gyllenhaal"",Library DVD,,,,,"
"133,Spider-Man: No Way Home,2021,Action/Sci-Fi,Jon Watts,""Tom Holland, Zendaya, & Benedict Cumberbatch"",Library DVD,,,,,"
"134,Spirited Away,2001,Adventure/Fantasy,Hayao Miyazaki,,DVD,,,,,"
"135,Star Wars: A New Hope,1977,Sci-Fi,George Lucas,""Mark Hamill, Harrison Ford, & Carrie Fisher"",Library DVD,P,,,,"
"136,Star Wars: Return of the Jedi,1983,Action/Sci-Fi,""Richard Marquand (Lucus, George)"",""Mark Hamill, Harrison Ford, & Carrie Fisher"",Library DVD,P,,,,"
"137,Star Wars: The Last Jedi,2017,Action/Sci-Fi,Rian Johnson,""Mark Hamill, Adam Driver, & Daisy Ridley"",Library DVD,P,,,,"
"138,Superbad,2007,Comedy/Teen,Rian Mottola,""Jonah Hill, Michael Cera, Christopher Mintz-Plasse, Seth Rogan, & Bill Hader"",Library DVD,,,,,"
"139,Tenet,2020,Action/Sci-Fi,Christopher Nolan,""John David Washington, Robert Pattinson, Elizabeth Debicki, Michael Caine, & Kenneth Branaugh"",DVD,,,,,"
"140,""Thing, the"",1982,Horror/Sci-Fi,John Carpenter,Kurt Russell,DVD,,,,,"
"141,Thor: Ragnarok,2017,Action/Adventure,Taika Waititi,""Chris Hemsworth, Tom Hiddleston, Cate Blanchett, Idris Elba, Jeff Goldblum, Tessa Thompson, Karl Urban, Mark Ruffalo, & Anthony Hopkins"",Library DVD,,,,,"
"142,Twilight,2008,Fantasy/Romance,Catherine Hardwicke,Kristen Stewart & Robert Pattinson,DVD,,P,,,"
"143,Up,2009,Adventure/Family,Pete Doctor,,DVD,,,,,"
"144,WALL-E,2008,Adventure/Family,Andrew Stanton,,Blu-ray,,P,,,"
"145,X-Men: Apocalypse,2016,Action/Adventure,Bryan Singer,""Jennifer Lawrence, Michael Fassbender, & James McAvoy"",DVD,,,,,"
"146,""Year Without a Santa Claus, the"",1974,Fantasy/Musical,Arthur Rankin Jr & Jules Bass,,DVD,,,,,"
"147,Peter Pan,2004,Family/Fantasy,P.J. Hogan,Jason Isaacs,Library DVD,,,,,"
"148,Turbo,2013,Family,David Soren,,Blu-ray,,,,,"
"149,,,,,,,,,,,"
"150,,,,,,,,,,,"
"151,,,,,,,,,,,"
"152,,,,,,,,,,,"
"153,,,,,,,,,,,"
"154,,,,,,,,,,,"
"155,,,,,,,,,,,"
"156,,,,,,,,,,,"
"152,,,,,,,,,,,"
",,,,,,,,,,,"
",,,,,,,,,,,"
",,,,,,,,,,,"
",,,,,,,,,,,"
",,,,,,,,,,,"
",,,,,,,,,,,"
",,,,,,,,,,,"
",,,,,,,,,,,"
",,,,,,,,,,,"
",,,,,,,,,,,"
",,,,,,,,,,,"
",,,,,,,,,,,"
",,,,,,,,,,,"
",,,,,,,,,,,"
",,,,,,,,,,,"
",,,,,,,,,,,"
",,,,,,,,,,,"
",,,,,,,,,,,"
",,,,,,,,,,,"
",,,,,,,,,,,"
",,,,,,,,,,,"
",,,,,,,,,,,"
",,,,,,,,,,,"
",,,,,,,,,,,"
",,,,,,,,,,,"
",,,,,,,,,,,"
",,,,,,,,,,,"
",,,,,,,,,,,"
",,,,,,,,,,,"
",,,,,,,,,,,"
",,,,,,,,,,,"
",,,,,,,,,,,"
",,,,,,,,,,,"
",,,,,,,,,,,"
",,,,,,,,,,,"
",,,,,,,,,,,"
",,,,,,,,,,,"
",,,,,,,,,,,"
",,,,,,,,,,,"
",,,,,,,,,,,"
",,,,,,,,,,,"
",,,,,,,,,,,"
",,,,,,,,,,,"
",,,,,,,,,,,"
",,,,,,,,,,,"
",,,,,,,,,,,"
",,,,,,,,,,,"
",,,,,,,,,,,"
",,,,,,,,,,,"
",,,,,,,,,,,"
",,,,,,,,,,,"
",,,,,,,,,,,"
",,,,,,,,,,,"
",,,,,,,,,,,"
",,,,,,,,,,,"
",,,,,,,,,,,"
",,,,,,,,,,,"
",,,,,,,,,,,"
",,,,,,,,,,,"
",,,,,,,,,,,"
",,,,,,,,,,,"
",,,,,,,,,,,"
",,,,,,,,,,,"
",,,,,,,,,,,"
",,,,,,,,,,,"
",,,,,,,,,,,"
",,,,,,,,,,,"
",,,,,,,,,,,"
",,,,,,,,,,,"
",,,,,,,,,,,"
",,,,,,,,,,,"
",,,,,,,,,,,"
",,,,,,,,,,,"
",,,,,,,,,,,"
",,,,,,,,,,,"
",,,,,,,,,,,"
",,,,,,,,,,,"
",,,,,,,,,,,"
",,,,,,,,,,,"
",,,,,,,,,,,"
",,,,,,,,,,,"
",,,,,,,,,,,"
",,,,,,,,,,,"
",,,,,,,,,,,"
",,,,,,,,,,,"
",,,,,,,,,,,"
",,,,,,,,,,,"
",,,,,,,,,,,"
",,,,,,,,,,,"
",,,,,,,,,,,"
",,,,,,,,,,,"
",,,,,,,,,,,"
",,,,,,,,,,,"
",,,,,,,,,,,"
",,,,,,,,,,,"
",,,,,,,,,,,"
",,,,,,,,,,,"
",,,,,,,,,,,"
",,,,,,,,,,,"
",,,,,,,,,,,"
",,,,,,,,,,,"
",,,,,,,,,,,"
",,,,,,,,,,,"
",,,,,,,,,,,"
",,,,,,,,,,,"
",,,,,,,,,,,"
",,,,,,,,,,,"
",,,,,,,,,,,"
",,,,,,,,,,,"
",,,,,,,,,,,"
",,,,,,,,,,,"
",,,,,,,,,,,"
",,,,,,,,,,,"
",,,,,,,,,,,"
",,,,,,,,,,,"
",,,,,,,,,,,"
",,,,,,,,,,,"
",,,,,,,,,,,"
",,,,,,,,,,,"
",,,,,,,,,,,"
",,,,,,,,,,,"
",,,,,,,,,,,"
",,,,,,,,,,,"
",,,,,,,,,,,"
",,,,,,,,,,,"
",,,,,,,,,,,"
",,,,,,,,,,,"
",,,,,,,,,,,"
",,,,,,,,,,,"
",,,,,,,,,,,"
",,,,,,,,,,,"
",,,,,,,,,,,"
",,,,,,,,,,,"
",,,,,,,,,,,"
",,,,,,,,,,,"
",,,,,,,,,,,"
",,,,,,,,,,,"
",,,,,,,,,,,"
",,,,,,,,,,,"
",,,,,,,,,,,"
",,,,,,,,,,,"
",,,,,,,,,,,"
",,,,,,,,,,,"
",,,,,,,,,,,"
",,,,,,,,,,,"
",,,,,,,,,,,"
",,,,,,,,,,,"
",,,,,,,,,,,"
",,,,,,,,,,,"
",,,,,,,,,,,"